Fund Name,P1,P2,P3,P4,P5,Topsis Score,Rank
M1,0.72,0.52,3.6,41.3,11.54,0.1830826700498269,8
M2,0.9,0.81,6.4,31.3,9.85,0.4580582841546197,3
M3,0.94,0.88,6.2,54.8,15.71,0.7498764314104737,7
M4,0.83,0.69,5.4,45.8,13.18,0.47002472494709513,4
M5,0.88,0.77,3.6,47.6,13.21,0.43175089728095223,2
M6,0.71,0.5,3.7,56.6,15.38,0.3977153795863266,5
M7,0.67,0.45,5.1,67.2,18.36,0.5404044895391829,6
M8,0.95,0.9,6.9,66.7,18.86,0.9928371243563953,1
